# i valori originali di aboveGroundBiomass_kgha, foliageBiomass_kgha, branchesBiomass_kgha, stemBiomass_kgha, rootBiomass_kgha, stumpCoarseRootBiomass_kgha
# per confrontarli con i risultati del modello solo stati divisi per 1000 e quindi divisi per 2 ottenendo le tDM / ha
"record_id","site","site_id","year","species","species_id","age","dbhArith_cm","dbhBA_cm","dbhDQ_cm","heightArith_m","heightBA_m","ba_m2ha","density_treeha","aboveGroundBiomass_kgha","foliageBiomass_kgha","branchesBiomass_kgha","stemBiomass_kgha","rootBiomass_kgha","stumpCoarseRootBiomass_kgha","lai"
"1","bily_kriz",3,1997,"Picea abies","piab",16,7.11,8.16083686654553,7.39128516196709,5.63139534883721,6.26335383934283,10.33,2408,NA,0.003945,0.003545,0.00697,0.002785,NA,NA
"2","bily_kriz",3,1998,"Picea abies","piab",17,7.83,8.8639606321696,8.10656486990534,6.33939899833055,6.95768466308913,12.37,2396,NA,0.004645,0.004255,0.00865,0.003435,NA,NA
"3","bily_kriz",3,1999,"Picea abies","piab",18,8.5,9.57410838555743,8.78673559452125,6.8809364548495,7.49965613752073,14.5,2392,NA,0.00537,0.00501,0.010495,0.00414,NA,NA
"4","bily_kriz",3,2000,"Picea abies","piab",19,9.12,10.2538606702257,9.41567085349953,7.49798994974874,8.12911044373424,16.63,2388,NA,0.00608,0.005765,0.01239,0.004865,NA,NA
"5","bily_kriz",3,2001,"Picea abies","piab",20,10.23,11.2655439631221,10.5067181146696,8.42683982683983,8.98819094639877,16.02,1848,NA,0.00575,0.00558,0.01245,0.004855,NA,NA
"6","bily_kriz",3,2002,"Picea abies","piab",21,10.98,12.0480253718375,11.2640906673416,9.13442265795207,9.69230492910103,18.3,1836,NA,0.006485,0.006395,0.014635,0.00568,NA,NA
"7","bily_kriz",3,2003,"Picea abies","piab",22,11.66,12.7668378925045,11.955023738688,9.80108932461874,10.3670131629672,20.61,1836,NA,0.007225,0.00722,0.016905,0.006535,NA,NA
"8","bily_kriz",3,2004,"Picea abies","piab",23,12.6,13.6213692369927,12.869809260734,10.4959232613909,10.9768394698947,21.7,1668,NA,0.00751,0.00763,0.018315,0.007045,NA,NA
"9","bily_kriz",3,2005,"Picea abies","piab",24,13.3,14.377678937598,13.5816220213482,11.1980769230769,11.6907145905646,24.11,1664,NA,0.00826,0.008495,0.020825,0.007985,NA,NA
"10","bily_kriz",3,2006,"Picea abies","piab",25,13.99,15.0870513340485,14.278164261681,11.5151898734177,12.0495847855367,25.3,1580,NA,0.008415,0.00876,0.0222,0.008525,NA,NA
"11","bily_kriz",3,2007,"Picea abies","piab",26,14.57,15.631127389936,14.8513706286346,11.9978779840849,12.4871732638159,26.12,1508,NA,0.008665,0.009095,0.023265,0.00892,NA,NA
"12","bily_kriz",3,2008,"Picea abies","piab",27,15.36,16.3847683007625,15.5855616945086,12.3597333333333,12.8680739676686,28.62,1500,NA,0.00942,0.01,0.026025,0.009935,NA,NA
"13","bily_kriz",3,2009,"Picea abies","piab",28,15.96,17.033125188274,16.18673868892,12.8929919137466,13.4269404491248,30.7,1492,NA,0.01004,0.010755,0.0284,0.01081,NA,NA
"14","bily_kriz",3,2010,"Picea abies","piab",29,16.45,17.5709251967459,16.6885165914022,13.4368279569892,13.9942859114642,32.55,1488,NA,0.01059,0.011425,0.030525,0.01159,NA,NA
"15","bily_kriz",3,2011,"Picea abies","piab",30,17.03,18.2030299441684,17.2705254230176,14.1311827956989,14.7217894473013,34.86,1488,NA,0.011275,0.012265,0.0332,0.01257,NA,NA
"16","bily_kriz",3,2012,"Picea abies","piab",31,18.07,19.2179668241097,18.2692221918523,13.5173501577287,14.4358906344544,33.24,1268,NA,0.010025,0.011095,0.031755,0.012225,NA,NA
"17","bily_kriz",3,2013,"Picea abies","piab",32,18.38,19.5742793827695,18.6019081618297,13.7697452229299,14.6990536634131,34.13,1256,NA,0.010305,0.01145,0.03292,0.012635,NA,NA
"18","bily_kriz",3,2014,"Picea abies","piab",33,19.15,20.1043548040812,19.0908413363565,14.059872611465,15.0116824016251,35.93,1256,NA,0.0108,0.012075,0.03506,0.013425,NA,NA
"19","bily_kriz",3,2015,"Picea abies","piab",34,19.51,20.4652803041482,19.3874172823971,14.2332268370607,15.2639840891365,36.96,1252,NA,0.01109,0.01246,0.036385,0.0139,NA,NA
"20","le_bray",14,1986,"Pinus pinaster","pipi",16,18.76,NA,NA,NA,NA,23.304,819.4,34.0805,NA,NA,NA,NA,NA,NA
"21","le_bray",14,1987,"Pinus pinaster","pipi",17,18.95,NA,NA,NA,NA,23.869,819.4,35.1725,NA,NA,NA,NA,NA,NA
"22","le_bray",14,1988,"Pinus pinaster","pipi",18,19.7,NA,NA,NA,NA,25.79,819.4,38.723,NA,NA,NA,NA,NA,NA
"23","le_bray",14,1989,"Pinus pinaster","pipi",19,20.52,NA,NA,NA,NA,28.036,819.4,42.991,NA,NA,NA,NA,NA,NA
"24","le_bray",14,1990,"Pinus pinaster","pipi",20,21.02,NA,NA,NA,NA,29.451,819.4,45.7125,NA,NA,NA,NA,NA,NA
"25","le_bray",14,1991,"Pinus pinaster","pipi",21,21.85,NA,NA,14.61,NA,31.859,819.4,50.41,NA,NA,NA,NA,NA,NA
"26","le_bray",14,1992,"Pinus pinaster","pipi",22,23.67,NA,NA,15.22,NA,27.934,615.9,45.746,NA,NA,NA,NA,NA,NA
"27","le_bray",14,1993,"Pinus pinaster","pipi",23,24.45,NA,NA,15.74,NA,29.815,615.4,49.6195,NA,NA,NA,NA,NA,NA
"28","le_bray",14,1994,"Pinus pinaster","pipi",24,25.47,NA,NA,16.65,NA,32.34,615,54.905,NA,NA,NA,NA,NA,NA
"29","le_bray",14,1995,"Pinus pinaster","pipi",25,26.03,NA,NA,NA,NA,33.807,614.8,58.045,NA,NA,NA,NA,NA,NA
"30","le_bray",14,1996,"Pinus pinaster","pipi",26,26.65,NA,NA,17.76,NA,35.393,614,61.475,NA,NA,NA,NA,NA,NA
"31","le_bray",14,1997,"Pinus pinaster","pipi",27,28.11,NA,NA,18.59,NA,33.071,519.8,58.57,NA,NA,NA,NA,NA,NA
"32","le_bray",14,1998,"Pinus pinaster","pipi",28,28.72,NA,NA,18.85,NA,34.352,517.5,61.465,NA,NA,NA,NA,NA,NA
"33","le_bray",14,1999,"Pinus pinaster","pipi",29,29.25,NA,NA,18.84,NA,35.626,517,64.32,NA,NA,NA,NA,NA,NA
"34","le_bray",14,2000,"Pinus pinaster","pipi",30,29.34,NA,NA,19.87,NA,29.243,422,52.89,NA,NA,NA,NA,NA,NA
"35","le_bray",14,2001,"Pinus pinaster","pipi",31,29.93,NA,NA,20.2,NA,30.465,422,55.655,NA,NA,NA,NA,NA,NA
"36","le_bray",14,2002,"Pinus pinaster","pipi",32,30.47,NA,NA,20.4,NA,30.606,409.4,56.385,NA,NA,NA,NA,NA,NA
"37","le_bray",14,2003,"Pinus pinaster","pipi",33,31.1,NA,NA,20.96,NA,30.437,391.1,56.605,NA,NA,NA,NA,NA,NA
"38","le_bray",14,2004,"Pinus pinaster","pipi",34,31.59,NA,NA,20.74,NA,30.914,385,57.935,NA,NA,NA,NA,NA,NA
"39","le_bray",14,2005,"Pinus pinaster","pipi",35,33.13,NA,NA,21.26,NA,27.22,309.9,51.965,NA,NA,NA,NA,NA,NA
"40","le_bray",14,2006,"Pinus pinaster","pipi",36,33.56,NA,NA,21.48,NA,27.917,309.9,53.64,NA,NA,NA,NA,NA,NA
"41","le_bray",14,2007,"Pinus pinaster","pipi",37,34.24,NA,NA,21.68,NA,28.335,301.9,55.005,NA,NA,NA,NA,NA,NA
"42","le_bray",14,2008,"Pinus pinaster","pipi",38,34.88,NA,NA,21.98,NA,29.248,301.9,57.3,NA,NA,NA,NA,NA,NA
"43","le_bray",14,2009,"Pinus pinaster","pipi",39,35.01,NA,NA,22.44,NA,19.189,194.9,37.6885,NA,NA,NA,NA,NA,NA
"44","hyytiala",12,1995,"Hardwoods","hawo",NA,NA,NA,NA,NA,NA,NA,NA,NA,NA,NA,NA,NA,NA,0.84
"45","hyytiala",12,1995,"Picea abies","piab",34,4.12,13.74,NA,3.69,11.24,2.96,965,NA,0.9655,2.314,3.1635,NA,1.4555,0.8
"46","hyytiala",12,1995,"Pinus silvestrys","pisy",34,12.74,15.89,NA,10.92,12.61,12.64,870,NA,1.6445,5.9455,18.867,NA,7.1115,1.37
"47","hyytiala",12,1996,"Hardwoods","hawo",NA,NA,NA,NA,NA,NA,NA,NA,NA,NA,NA,NA,NA,NA,0.85
"48","hyytiala",12,1996,"Picea abies","piab",35,4.2,13.94,NA,3.82,11.57,3.06,965,NA,0.977,2.362,3.373,NA,1.5225,0.81
"49","hyytiala",12,1996,"Pinus silvestrys","pisy",35,12.99,16.12,NA,11.31,12.98,13.08,870,NA,1.665,6.07,20.13,NA,7.443,1.39
"50","hyytiala",12,1997,"Hardwoods","hawo",NA,NA,NA,NA,NA,NA,NA,NA,NA,NA,NA,NA,NA,NA,0.87
"51","hyytiala",12,1997,"Picea abies","piab",36,4.28,14.18,NA,3.95,11.9,3.18,965,NA,0.994,2.4245,3.605,NA,1.6,0.83
"52","hyytiala",12,1997,"Pinus silvestrys","pisy",36,13.23,16.39,NA,11.68,13.36,13.59,870,NA,1.694,6.2305,21.527,NA,7.8245,1.41
"53","hyytiala",12,1998,"Hardwoods","hawo",NA,NA,NA,NA,NA,NA,NA,NA,NA,NA,NA,NA,NA,NA,0.88
"54","hyytiala",12,1998,"Picea abies","piab",37,4.34,14.36,NA,4.07,12.24,3.28,965,NA,1.004,2.465,3.826,NA,1.666,0.84
"55","hyytiala",12,1998,"Pinus silvestrys","pisy",37,13.42,16.6,NA,12.04,13.74,14.02,872,NA,1.711,6.336,22.859,NA,8.1495,1.42
"56","hyytiala",12,1999,"Hardwoods","hawo",NA,NA,NA,NA,NA,NA,NA,NA,NA,NA,NA,NA,NA,NA,0.89
"57","hyytiala",12,1999,"Picea abies","piab",38,4.42,14.57,NA,4.2,12.58,3.39,965,NA,1.017,2.5145,4.064,NA,1.7385,0.85
"58","hyytiala",12,1999,"Pinus silvestrys","pisy",38,13.66,16.85,NA,12.43,14.12,14.48,872,NA,1.7335,6.4635,24.293,NA,8.5055,1.44
"59","hyytiala",12,2000,"Hardwoods","hawo",NA,NA,NA,NA,NA,NA,NA,NA,NA,NA,NA,NA,NA,NA,0.9
"60","hyytiala",12,2000,"Picea abies","piab",39,4.5,14.81,NA,4.33,12.91,3.52,965,NA,1.0365,2.581,4.33,NA,1.8235,0.86
"61","hyytiala",12,2000,"Pinus silvestrys","pisy",39,13.91,17.12,NA,12.8,14.49,15.02,875,NA,1.7665,6.636,25.8985,NA,8.925,1.47
"62","hyytiala",12,2001,"Hardwoods","hawo",NA,NA,NA,NA,NA,NA,NA,NA,NA,NA,NA,NA,NA,NA,0.92
"63","hyytiala",12,2001,"Picea abies","piab",40,4.58,15.02,NA,4.46,13.25,3.64,965,NA,1.054,2.641,4.5985,NA,1.9055,0.88
"64","hyytiala",12,2001,"Pinus silvestrys","pisy",40,14.16,17.37,NA,13.19,14.87,15.54,875,NA,1.7975,6.7905,27.524,NA,9.3295,1.5
"65","hyytiala",12,2002,"Hardwoods","hawo",NA,NA,NA,NA,NA,NA,NA,NA,NA,NA,NA,NA,NA,NA,0.69
"66","hyytiala",12,2002,"Picea abies","piab",41,4.61,16.65,NA,4.4,14.44,2.82,770,NA,0.8635,2.198,4.2215,NA,1.68,0.72
"67","hyytiala",12,2002,"Pinus silvestrys","pisy",41,15.23,18,NA,13.89,15.46,15.14,753,NA,1.429,5.5335,22.9415,NA,7.8115,1.19
"68","hyytiala",12,2003,"Hardwoods","hawo",42,3.16,10.27,NA,5.56,13.91,2.39,1207,NA,0.24,0.524,3.631,NA,0.452,0.69
"69","hyytiala",12,2003,"Picea abies","piab",42,4.68,16.86,NA,4.53,14.8,2.9,770,NA,0.872,2.229,4.4515,NA,1.74,0.73
"70","hyytiala",12,2003,"Pinus silvestrys","pisy",42,15.45,18.22,NA,14.28,15.84,15.56,753,NA,1.443,5.6115,24.1895,NA,8.091,1.2
"71","hyytiala",12,2004,"Hardwoods","hawo",43,3.31,10.67,NA,5.89,14.49,2.43,1207,NA,0.2905,0.666,3.8595,NA,0.5735,0.84
"72","hyytiala",12,2004,"Picea abies","piab",43,4.85,17.22,NA,4.66,15,3.03,770,NA,0.9085,2.3345,4.654,NA,1.832,0.76
"73","hyytiala",12,2004,"Pinus silvestrys","pisy",43,15.73,18.5,NA,14.6,16.15,16.1,753,NA,1.477,5.773,25.527,NA,8.4555,1.23
"74","hyytiala",12,2005,"Hardwoods","hawo",44,3.43,11.04,NA,6.19,15.1,2.47,1207,NA,0.334,0.791,4.0865,NA,0.689,0.96
"75","hyytiala",12,2005,"Picea abies","piab",44,4.99,17.57,NA,4.78,15.2,3.15,770,NA,0.94,2.4275,4.8555,NA,1.919,0.78
"76","hyytiala",12,2005,"Pinus silvestrys","pisy",44,15.96,18.77,NA,14.89,16.47,16.61,754,NA,1.506,5.915,26.8555,NA,8.8015,1.25
"77","hyytiala",12,2006,"Hardwoods","hawo",45,3.53,11.36,NA,6.49,15.7,2.5,1207,NA,0.364,0.8785,4.299,NA,0.787,1.05
"78","hyytiala",12,2006,"Picea abies","piab",45,5.1,17.86,NA,4.9,15.41,3.25,770,NA,0.962,2.493,5.0445,NA,1.993,0.8
"79","hyytiala",12,2006,"Pinus silvestrys","pisy",45,16.15,19,NA,15.19,16.79,17.04,754,NA,1.5265,6.0145,28.1005,NA,9.095,1.27
"80","hyytiala",12,2007,"Hardwoods","hawo",46,3.65,11.72,NA,6.81,16.29,2.54,1207,NA,0.4055,0.9955,4.5355,NA,0.902,1.17
"81","hyytiala",12,2007,"Picea abies","piab",46,5.25,18.19,NA,5.03,15.62,3.37,770,NA,0.992,2.5795,5.255,NA,2.08,0.83
"82","hyytiala",12,2007,"Pinus silvestrys","pisy",46,16.39,19.26,NA,15.51,17.1,17.54,754,NA,1.554,6.1475,29.487,NA,9.4405,1.29
"83","hyytiala",12,2008,"Hardwoods","hawo",47,3.76,12.04,NA,7.14,16.89,2.57,1207,NA,0.439,1.0895,4.766,NA,1.007,1.27
"84","hyytiala",12,2008,"Picea abies","piab",47,5.38,18.49,NA,5.16,15.82,3.48,770,NA,1.0165,2.6495,5.4595,NA,2.159,0.85
"85","hyytiala",12,2008,"Pinus silvestrys","pisy",47,16.61,19.49,NA,15.83,17.42,17.99,755,NA,1.5765,6.254,30.8355,NA,9.7545,1.31
"86","hyytiala",12,2009,"Hardwoods","hawo",48,3.8,12.12,NA,7.28,17.18,2.62,1207,NA,0.439,1.0975,4.9305,NA,1.0325,1.27
"87","hyytiala",12,2009,"Picea abies","piab",48,5.44,18.61,NA,5.27,16.1,3.54,770,NA,1.0165,2.669,5.648,NA,2.2145,0.85
"88","hyytiala",12,2009,"Pinus silvestrys","pisy",48,16.84,19.75,NA,16.15,17.87,18.48,755,NA,1.577,6.3005,31.899,NA,10.0045,1.31
"89","hyytiala",12,2010,"Hardwoods","hawo",49,3.87,12.36,NA,7.44,17.51,2.71,1207,NA,0.445,1.1145,5.161,NA,1.0665,1.28
"90","hyytiala",12,2010,"Picea abies","piab",49,5.53,18.97,NA,5.38,16.41,3.67,770,NA,1.0295,2.7105,5.912,NA,2.287,0.86
"91","hyytiala",12,2010,"Pinus silvestrys","pisy",49,17.49,20.21,NA,16.76,18.3,17.69,684,NA,1.514,6.0645,31.7,NA,9.8025,1.26
"92","hyytiala",12,2011,"Hardwoods","hawo",50,3.94,12.58,NA,7.58,17.82,2.81,1207,NA,0.457,1.1515,5.4395,NA,1.1165,1.32
"93","hyytiala",12,2011,"Picea abies","piab",50,5.63,19.32,NA,5.48,16.7,3.8,770,NA,1.0585,2.7995,6.231,NA,2.3945,0.88
"94","hyytiala",12,2011,"Pinus silvestrys","pisy",50,17.81,20.58,NA,17.07,18.62,18.33,684,NA,1.556,6.264,33.41,NA,10.2635,1.29
"95","peitz",16,1937,"Pinus silvestrys","pisy",37,NA,NA,6.2,NA,5.3,NA,NA,NA,NA,NA,NA,NA,NA,NA
"96","peitz",16,1941,"Pinus silvestrys","pisy",41,NA,NA,7,NA,6,NA,NA,NA,NA,NA,NA,NA,NA,NA
"97","peitz",16,1948,"Pinus silvestrys","pisy",48,7.63132530120482,8.95810363836825,7.96,6.40698795180723,6.75,NA,4150,NA,NA,NA,NA,NA,NA,NA
"98","peitz",16,1952,"Pinus silvestrys","pisy",52,8.71865284974093,10.1432293190785,9.07,7.07487046632124,7.41,NA,3860,NA,NA,NA,NA,NA,NA,NA
"99","peitz",16,1956,"Pinus silvestrys","pisy",56,9.37929155313351,10.7115662342531,9.7,7.49128065395095,7.78,NA,3670,NA,NA,NA,NA,NA,NA,NA
"100","peitz",16,1961,"Pinus silvestrys","pisy",61,10.0455331412104,11.4690869158517,10.4,8.76109510086455,9.24,NA,3470,NA,NA,NA,NA,NA,NA,NA
"101","peitz",16,1966,"Pinus silvestrys","pisy",66,10.9486928104575,12.4817605901679,11.36,9.43464052287582,9.92,NA,3060,NA,NA,NA,NA,NA,NA,NA
"102","peitz",16,1971,"Pinus silvestrys","pisy",71,12.3906976744186,13.7043752581302,12.72,10.5967441860465,10.93,NA,2150,NA,NA,NA,NA,NA,NA,NA
"103","peitz",16,1976,"Pinus silvestrys","pisy",76,13.0630681818182,14.3175730455776,13.39,11.2823863636364,11.6,NA,1760,NA,NA,NA,NA,NA,NA,NA
"104","peitz",16,1982,"Pinus silvestrys","pisy",82,14.7850299401198,16.2926158966895,15.21,12.3335329341317,12.73,NA,1670,NA,NA,NA,NA,NA,NA,NA
"105","peitz",16,1989,"Pinus silvestrys","pisy",89,16.3603896103896,17.9123771521765,16.79,13.025974025974,13.41,NA,1540,NA,NA,NA,NA,NA,NA,NA
"106","peitz",16,1994,"Pinus silvestrys","pisy",94,17.8341085271318,19.086840949525,18.22,14.1131782945736,14.42,NA,1290,NA,NA,NA,NA,NA,NA,NA
"107","peitz",16,2001,"Pinus silvestrys","pisy",101,19.687037037037,20.8842645069667,19.97,15.4425925925926,15.73,NA,1080,NA,NA,NA,NA,NA,NA,NA
"108","peitz",16,2007,"Pinus silvestrys","pisy",107,21.6588709677419,22.4637924060565,21.92,17,17.21,NA,885.714285714286,NA,NA,NA,NA,NA,NA,NA
"109","peitz",16,2011,"Pinus silvestrys","pisy",111,22.641935483871,23.539821271571,22.91,17.6564516129032,17.86,NA,885.714285714286,NA,NA,NA,NA,NA,NA,NA
"110","solling_beech",20,1967,"Fagus sylvatica","fasy",120,36.4828571428571,40.1926574413983,37.448839114456,24.6319591836735,25.4497412059967,NA,245,NA,NA,NA,NA,NA,NA,NA
"111","solling_beech",20,1968,"Fagus sylvatica","fasy",121,36.9659836065574,40.6903731655745,37.9365124307683,24.7345491803279,25.5405427018427,NA,244,NA,NA,NA,NA,NA,NA,NA
"112","solling_beech",20,1969,"Fagus sylvatica","fasy",122,37.462962962963,41.2224941724325,38.445967107504,25.6537037037037,26.4940590147266,NA,243,NA,NA,NA,NA,NA,NA,NA
"113","solling_beech",20,1970,"Fagus sylvatica","fasy",123,37.9348547717842,41.7396186054808,38.9263465590021,25.7552697095436,26.5853069689866,NA,241,NA,NA,NA,NA,NA,NA,NA
"114","solling_beech",20,1971,"Fagus sylvatica","fasy",124,38.1224066390041,41.9592574157857,39.1225794659093,26.536265560166,27.3157015920048,NA,241,NA,NA,NA,NA,NA,NA,NA
"115","solling_beech",20,1972,"Fagus sylvatica","fasy",125,38.5326359832636,42.4354310189313,39.5527903156948,26.6913807531381,27.5673677338808,NA,239,NA,NA,NA,NA,NA,NA,NA
"116","solling_beech",20,1973,"Fagus sylvatica","fasy",126,39.0435344827586,42.9285022106055,40.0588968335031,26.9539655172414,27.7764809928542,NA,232,NA,NA,NA,NA,NA,NA,NA
"117","solling_beech",20,1977,"Fagus sylvatica","fasy",130,40.0748917748918,44.183001416968,41.1519426145641,27.1678787878788,27.9828799129374,NA,231,NA,NA,NA,NA,NA,NA,NA
"118","solling_beech",20,1980,"Fagus sylvatica","fasy",134,41.203982300885,45.3262789042255,42.2838653092019,27.6886725663717,28.4597804933394,NA,226,NA,NA,NA,NA,NA,NA,NA
"119","solling_beech",20,1985,"Fagus sylvatica","fasy",138,42.2659192825112,46.5075998287549,43.3792509967652,28.197802690583,28.7588782676073,NA,223,NA,NA,NA,NA,NA,NA,NA
"120","solling_beech",20,1990,"Fagus sylvatica","fasy",144,43.8253456221198,48.0074776693833,44.9092074350282,28.4559447004608,28.9487800182889,NA,217,NA,NA,NA,NA,NA,NA,NA
"121","solling_beech",20,1996,"Fagus sylvatica","fasy",149,44.9891509433962,49.3054156887473,46.109569567069,29.3370754716981,29.6762615877445,NA,212,NA,1.3155,NA,NA,NA,NA,NA
"122","solling_beech",20,2000,"Fagus sylvatica","fasy",153,45.6492462311558,50.0621048431492,46.7904641747487,29.6733668341709,30.1461645414379,NA,199,NA,1.5175,NA,NA,NA,NA,NA
"123","solling_beech",20,2005,"Fagus sylvatica","fasy",158,45.7817073170732,50.5227518344722,46.9922113421923,28.4587804878049,29.0533741815749,NA,164,NA,1.3295,NA,NA,NA,NA,NA
"124","solling_beech",20,2009,"Fagus sylvatica","fasy",163,47.1521428571429,52.3138683220948,48.4634523562418,29.6524285714286,30.2233495516848,NA,140,NA,1.4195,NA,NA,NA,NA,NA
"125","solling_beech",20,2014,"Fagus sylvatica","fasy",168,48.8492307692308,53.3964124515616,49.9964567975341,30.2275384615385,30.7768369474148,NA,130,NA,1.2545,NA,NA,NA,NA,NA
"126","solling_spruce",25,1967,"Picea abies","piab",85,30.1452100840336,32.2511159284692,30.6847368512466,23.8525042016807,24.50773358082,NA,595,NA,NA,NA,NA,NA,NA,NA
"127","solling_spruce",25,1968,"Picea abies","piab",86,30.4791596638655,32.6640526511672,31.0393745605359,24.2969411764706,24.9942000267074,NA,595,NA,NA,NA,NA,NA,NA,NA
"128","solling_spruce",25,1969,"Picea abies","piab",87,30.783025210084,33.0491607358682,31.3645330392963,24.582487394958,25.2635469642343,NA,595,NA,NA,NA,NA,NA,NA,NA
"129","solling_spruce",25,1970,"Picea abies","piab",88,31.4853097345133,33.69692635358,32.0538054289639,25.0994690265487,25.7780756513907,NA,565,NA,NA,NA,NA,NA,NA,NA
"130","solling_spruce",25,1971,"Picea abies","piab",89,31.6735815602837,33.9524091232947,32.25890140501,25.334024822695,26.0894015297951,NA,564,NA,NA,NA,NA,NA,NA,NA
"131","solling_spruce",25,1972,"Picea abies","piab",90,31.9206039076377,34.2774136834841,32.5259620309542,25.4086500888099,26.183543506765,NA,563,NA,NA,NA,NA,NA,NA,NA
"132","solling_spruce",25,1973,"Picea abies","piab",91,32.4148623853211,34.7069870443112,33.0007809193116,25.5415779816514,26.2538512974904,NA,545,NA,NA,NA,NA,NA,NA,NA
"133","solling_spruce",25,1977,"Picea abies","piab",95,33.2244897959184,35.6576176503402,33.8489743009222,25.7781818181818,26.518530228031,NA,539,NA,NA,NA,NA,NA,NA,NA
"134","solling_spruce",25,1980,"Picea abies","piab",98,33.7724719101124,36.3688806302239,34.4383885075399,26.3317602996255,27.0626508619842,NA,534,NA,NA,NA,NA,NA,NA,NA
"135","solling_spruce",25,1981,"Picea abies","piab",99,34.9089026915114,37.133327427216,35.4750178916084,26.208364389234,26.7353349877372,NA,483,NA,NA,NA,NA,NA,NA,NA
"136","solling_spruce",25,1985,"Picea abies","piab",103,35.9365750528541,38.3998211507565,36.5652626890327,27.3324312896406,27.9889811336233,NA,473,NA,NA,NA,NA,NA,NA,NA
"137","solling_spruce",25,1990,"Picea abies","piab",108,37.1377440347072,39.8564173894988,37.8321945671946,28.4972234273319,29.1248787759953,NA,461,NA,NA,NA,NA,NA,NA,NA
"138","solling_spruce",25,1996,"Picea abies","piab",114,38.5559210526316,41.5640872388335,39.3245752032019,29.8823026315789,30.5173618008733,NA,456,NA,1.413,NA,NA,NA,NA,NA
"139","solling_spruce",25,2000,"Picea abies","piab",118,39.8941834451902,43.211169967196,40.7455060587312,30.3214988814318,30.9517925782824,NA,447,NA,1.011,NA,NA,NA,NA,NA
"140","solling_spruce",25,2005,"Picea abies","piab",123,41.0694835680751,44.5433461038518,41.9648601042357,31.4485680751174,32.0692968469452,NA,426,NA,1.2955,NA,NA,NA,NA,NA
"141","solling_spruce",25,2010,"Picea abies","piab",128,44.471,47.3298616981215,45.2077895205388,32.4064,32.9363549432727,NA,300,NA,1.8795,NA,NA,NA,NA,NA
"142","solling_spruce",25,2014,"Picea abies","piab",133,45.8751724137931,48.7397356580302,46.6019608881503,32.8445862068966,33.3559282087769,NA,290,NA,1.043,NA,NA,NA,NA,NA
"143","soro",21,1944,"Fagus sylvatica","fasy",NA,3.61916808149406,4.72864106208828,3.93940549064125,6.66604980192417,8.17653767360211,NA,1767,NA,NA,NA,NA,NA,NA,NA
"144","soro",21,1945,"Fagus sylvatica","fasy",NA,4.04190163934426,5.23407461574806,4.37626282664431,7.0311606557377,8.69329186747147,NA,1525,NA,NA,NA,NA,NA,NA,NA
"145","soro",21,1946,"Fagus sylvatica","fasy",NA,4.45938360655738,5.76166671440075,4.82020373693621,7.39129836065574,9.21374412544819,NA,1525,NA,NA,NA,NA,NA,NA,NA
"146","soro",21,1947,"Fagus sylvatica","fasy",NA,4.81727868852459,6.16842906857983,5.18566692361001,7.74777049180328,9.67728633728603,NA,1525,NA,NA,NA,NA,NA,NA,NA
"147","soro",21,1948,"Fagus sylvatica","fasy",NA,5.12828054298643,6.55672521529293,5.51481718620709,8.10506787330317,10.1635163636257,NA,1326,NA,NA,NA,NA,NA,NA,NA
"148","soro",21,1949,"Fagus sylvatica","fasy",NA,5.53547511312217,7.04815541792181,5.94266542876091,8.46018099547511,10.6393406343162,NA,1326,NA,NA,NA,NA,NA,NA,NA
"149","soro",21,1950,"Fagus sylvatica","fasy",NA,5.96135746606335,7.53555443700837,6.38511426388721,8.81447963800905,11.1078272229425,NA,1326,NA,NA,NA,NA,NA,NA,NA
"150","soro",21,1951,"Fagus sylvatica","fasy",NA,6.39752151462995,8.0316612923659,6.83788317386921,9.16734079173838,11.565207412191,NA,1162,NA,NA,NA,NA,NA,NA,NA
"151","soro",21,1952,"Fagus sylvatica","fasy",NA,6.78453528399312,8.51395680502628,7.25156895006326,9.5165834767642,12.0319788837414,NA,1162,NA,NA,NA,NA,NA,NA,NA
"152","soro",21,1953,"Fagus sylvatica","fasy",NA,7.17358003442341,9.00039463261638,7.66763626910207,9.85957831325301,12.472522702318,NA,1162,NA,NA,NA,NA,NA,NA,NA
"153","soro",21,1954,"Fagus sylvatica","fasy",NA,7.55238514173998,9.48096310780577,8.0752421739619,10.2005083088954,12.9199068237438,NA,1023,NA,NA,NA,NA,NA,NA,NA
"154","soro",21,1955,"Fagus sylvatica","fasy",NA,7.92712609970674,9.98830875327737,8.48926631234962,10.5403519061584,13.3873108231708,NA,1023,NA,NA,NA,NA,NA,NA,NA
"155","soro",21,1956,"Fagus sylvatica","fasy",NA,8.23207233626588,10.3872598972379,8.82226283361453,10.8738709677419,13.815047038226,NA,1023,NA,NA,NA,NA,NA,NA,NA
"156","soro",21,1957,"Fagus sylvatica","fasy",NA,8.59152317880795,10.8656516376398,9.21813056567479,11.2050110375276,14.2571377507889,NA,906,NA,NA,NA,NA,NA,NA,NA
"157","soro",21,1958,"Fagus sylvatica","fasy",NA,8.94090507726269,11.3350527924721,9.60293972879548,11.5308830022075,14.6916112396325,NA,906,NA,NA,NA,NA,NA,NA,NA
"158","soro",21,1959,"Fagus sylvatica","fasy",NA,9.27064017660044,11.7720581017191,9.9655519469352,11.8533995584989,15.1058138113361,NA,906,NA,NA,NA,NA,NA,NA,NA
"159","soro",21,1960,"Fagus sylvatica","fasy",NA,9.61235732009925,12.2515804027556,10.3492267725218,12.1764888337469,15.5307077036409,NA,806,NA,NA,NA,NA,NA,NA,NA
"160","soro",21,1961,"Fagus sylvatica","fasy",NA,10.0052729528536,12.7840047728951,10.7849891489481,12.4923076923077,15.9511902015286,NA,806,NA,NA,NA,NA,NA,NA,NA
"161","soro",21,1962,"Fagus sylvatica","fasy",NA,10.4037841191067,13.3221548398107,11.2259537056099,12.8017866004963,16.3515239329303,NA,806,NA,NA,NA,NA,NA,NA,NA
"162","soro",21,1963,"Fagus sylvatica","fasy",NA,10.8426002766252,13.8854375085267,11.7022448934525,13.1220331950207,16.7368120959888,NA,723,NA,NA,NA,NA,NA,NA,NA
"163","soro",21,1964,"Fagus sylvatica","fasy",NA,11.2605809128631,14.4547085442038,12.1663797006647,13.4225311203319,17.1209591557258,NA,723,NA,NA,NA,NA,NA,NA,NA
"164","soro",21,1965,"Fagus sylvatica","fasy",NA,11.6557399723375,15.0050813157676,12.6083481422787,13.7196265560166,17.4992692169186,NA,723,NA,NA,NA,NA,NA,NA,NA
"165","soro",21,1966,"Fagus sylvatica","fasy",NA,12.0246165644172,15.5399095792743,13.0256100560123,13.9960122699386,17.8603671698574,NA,652,NA,NA,NA,NA,NA,NA,NA
"166","soro",21,1967,"Fagus sylvatica","fasy",NA,12.4788957055215,16.1743962458084,13.5336044151681,14.2844018404908,18.2181201961726,NA,652,NA,NA,NA,NA,NA,NA,NA
"167","soro",21,1968,"Fagus sylvatica","fasy",NA,12.8959049079755,16.7472350797618,13.9978598440877,14.5675460122699,18.5647973456653,NA,652,NA,NA,NA,NA,NA,NA,NA
"168","soro",21,1969,"Fagus sylvatica","fasy",NA,13.2763667232598,17.2487683115392,14.4134173602238,14.849337860781,18.8908975103316,NA,589,NA,NA,NA,NA,NA,NA,NA
"169","soro",21,1970,"Fagus sylvatica","fasy",NA,13.6729032258065,17.784927443362,14.8506801934164,15.126078098472,19.2148280425719,NA,589,NA,NA,NA,NA,NA,NA,NA
"170","soro",21,1971,"Fagus sylvatica","fasy",NA,14.17740237691,18.467538228536,15.4095787851636,15.3972495755518,19.5419260971063,NA,589,NA,NA,NA,NA,NA,NA,NA
"171","soro",21,1972,"Fagus sylvatica","fasy",NA,14.7040237691002,19.2018197103393,16.0006030924113,15.6640407470289,19.8698743475656,NA,589,NA,NA,NA,NA,NA,NA,NA
"172","soro",21,1973,"Fagus sylvatica","fasy",NA,15.2090654205607,19.8450193958101,16.5462275848521,15.9315140186916,20.166113086321,NA,535,NA,NA,NA,NA,NA,NA,NA
"173","soro",21,1974,"Fagus sylvatica","fasy",NA,15.7448971962617,20.5514042333813,17.1338219926193,16.1899065420561,20.4694024408998,NA,535,NA,NA,NA,NA,NA,NA,NA
"174","soro",21,1975,"Fagus sylvatica","fasy",NA,16.132785046729,21.0481768494193,17.5536663050106,16.443046728972,20.7541740113007,NA,535,NA,NA,NA,NA,NA,NA,NA
"175","soro",21,1976,"Fagus sylvatica","fasy",NA,16.4921121495327,21.5044202494695,17.9425877128071,16.6989906542056,21.0384318905072,NA,535,NA,NA,NA,NA,NA,NA,NA
"176","soro",21,1977,"Fagus sylvatica","fasy",NA,16.9356646216769,22.1387246914104,18.448310722317,16.9595501022495,21.3618661631537,NA,489,NA,NA,NA,NA,NA,NA,NA
"177","soro",21,1978,"Fagus sylvatica","fasy",NA,17.4254805725971,22.8398861090711,19.007443639307,17.2062576687117,21.6595178736054,NA,489,NA,NA,NA,NA,NA,NA,NA
"178","soro",21,1979,"Fagus sylvatica","fasy",NA,17.9213701431493,23.5065242832354,19.5628651229834,17.4431083844581,21.9387592980307,NA,489,NA,NA,NA,NA,NA,NA,NA
"179","soro",21,1980,"Fagus sylvatica","fasy",NA,18.3841308793456,24.1716939253772,20.0913237997037,17.6814519427403,22.2258980616095,NA,489,NA,NA,NA,NA,NA,NA,NA
"180","soro",21,1981,"Fagus sylvatica","fasy",NA,18.75875,24.7912639125704,20.5395341788881,17.8763616071429,22.4800949031948,NA,448,NA,NA,NA,NA,NA,NA,NA
"181","soro",21,1982,"Fagus sylvatica","fasy",NA,19.1356473214286,25.3655721026564,20.9788954059873,18.1049553571429,22.7507524268079,NA,448,NA,NA,NA,NA,NA,NA,NA
"182","soro",21,1983,"Fagus sylvatica","fasy",NA,19.4736383928571,25.8697029304158,21.3699321529858,18.3316071428571,23.0177024119847,NA,448,NA,NA,NA,NA,NA,NA,NA
"183","soro",21,1984,"Fagus sylvatica","fasy",NA,19.8997098214286,26.5325918954904,21.8714339287166,18.5519866071429,23.2835303577527,NA,448,NA,NA,NA,NA,NA,NA,NA
"184","soro",21,1985,"Fagus sylvatica","fasy",NA,20.425072815534,27.2414787556157,22.4616781689403,18.8362378640777,23.5785228561939,NA,412,NA,NA,NA,NA,NA,NA,NA
"185","soro",21,1986,"Fagus sylvatica","fasy",NA,20.8074029126214,27.7991944433261,22.9034974488254,19.0538834951456,23.8319812404071,NA,412,NA,NA,NA,NA,NA,NA,NA
"186","soro",21,1987,"Fagus sylvatica","fasy",NA,21.1949029126214,28.3437599926774,23.3415045043003,19.2656553398058,24.0659993845365,NA,412,NA,NA,NA,NA,NA,NA,NA
"187","soro",21,1988,"Fagus sylvatica","fasy",NA,21.652427184466,28.9991714402286,23.8615667032569,19.4725970873786,24.3005542271861,NA,412,NA,NA,NA,NA,NA,NA,NA
"188","soro",21,1989,"Fagus sylvatica","fasy",NA,21.8849868766404,29.3591857286576,24.1346494145286,19.6178477690289,24.4787536116791,NA,381,NA,NA,NA,NA,NA,NA,NA
"189","soro",21,1990,"Fagus sylvatica","fasy",NA,22.3775065616798,30.0168105669929,24.684721410796,19.8257480314961,24.7014928500365,NA,381,NA,NA,NA,NA,NA,NA,NA
"190","soro",21,1991,"Fagus sylvatica","fasy",NA,22.8925984251969,30.7380548881032,25.2677126252523,20.021154855643,24.9143449733233,NA,381,NA,NA,NA,NA,NA,NA,NA
"191","soro",21,1992,"Fagus sylvatica","fasy",NA,23.1434908136483,31.0926372418091,25.5546199294283,20.2153018372703,25.1263104409188,NA,381,NA,NA,NA,NA,NA,NA,NA
"192","soro",21,1993,"Fagus sylvatica","fasy",NA,23.4747592067989,31.4928945627399,25.9148970633051,20.4388101983003,25.3562463261727,NA,353,NA,NA,NA,NA,NA,NA,NA
"193","soro",21,1994,"Fagus sylvatica","fasy",NA,23.821954674221,31.9483928915876,26.3021290136665,20.6284702549575,25.5556840758345,NA,353,NA,NA,NA,NA,NA,NA,NA
"194","soro",21,1995,"Fagus sylvatica","fasy",NA,24.0900566572238,32.2954400996742,26.6005400858928,20.816657223796,25.7501182076674,NA,353,NA,NA,NA,NA,NA,NA,NA
"195","soro",21,1996,"Fagus sylvatica","fasy",NA,24.2823229461756,32.5482543009734,26.8158272046296,20.9993201133144,25.9389792563306,NA,353,NA,NA,NA,NA,NA,NA,NA
"196","soro",21,1997,"Fagus sylvatica","fasy",NA,24.5400303951368,32.9286836704661,27.1183768993186,21.12726443769,26.0817593211992,NA,329,NA,NA,NA,NA,NA,NA,NA
"197","soro",21,1998,"Fagus sylvatica","fasy",NA,24.8650151975684,33.3408987804512,27.4782600390206,21.3090881458967,26.2691326811082,NA,329,NA,NA,NA,NA,NA,NA,NA
"198","soro",21,1999,"Fagus sylvatica","fasy",NA,25.2382370820669,33.8386516622396,27.8986188391235,21.4842249240122,26.4540490709051,NA,329,NA,NA,NA,NA,NA,NA,NA
"199","soro",21,2000,"Fagus sylvatica","fasy",NA,25.6631306990881,34.4179966689247,28.380048864585,21.6555015197568,26.6304392945138,NA,329,NA,NA,NA,NA,NA,NA,4.3
"200","soro",21,2001,"Fagus sylvatica","fasy",NA,26.0658662613982,34.9418803511978,28.8300426775659,21.8264133738602,26.8034749543636,NA,329,NA,NA,NA,NA,NA,NA,5.1
"201","soro",21,2002,"Fagus sylvatica","fasy",NA,26.5369381107492,35.5148962580836,29.3452467170749,22.04332247557,26.9984682312424,NA,307,NA,NA,NA,NA,NA,NA,4.6
"202","soro",21,2003,"Fagus sylvatica","fasy",NA,26.8389250814332,35.9441957634439,29.6939855885042,22.2097068403909,27.170438743779,NA,307,NA,NA,NA,NA,NA,NA,NA
"203","soro",21,2004,"Fagus sylvatica","fasy",NA,27.1727687296417,36.4374664105599,30.0847368207958,22.3751791530945,27.3398950347471,NA,307,NA,NA,NA,NA,NA,NA,4.5
"204","soro",21,2005,"Fagus sylvatica","fasy",NA,27.5008143322476,36.9286226137916,30.4691851330325,22.5344951140065,27.5004753690977,NA,307,NA,NA,NA,NA,NA,NA,NA
"205","soro",21,2006,"Fagus sylvatica","fasy",NA,27.7523778501629,37.2626469346208,30.7504814718272,22.6920521172638,27.6522266442861,NA,307,NA,NA,NA,NA,NA,NA,NA
"206","soro",21,2007,"Fagus sylvatica","fasy",NA,28.0780555555556,37.7518375296927,31.1276394240089,22.8202083333333,27.8048796912064,NA,288,NA,NA,NA,NA,NA,NA,4.6
"207","soro",21,2008,"Fagus sylvatica","fasy",NA,28.3402777777778,38.1029929828394,31.4223517181639,22.9767013888889,27.9548032908155,NA,288,NA,NA,NA,NA,NA,NA,5
"208","soro",21,2009,"Fagus sylvatica","fasy",NA,28.6398611111111,38.4718986851919,31.7501834421647,23.1279513888889,28.0946360617312,NA,288,NA,NA,NA,NA,NA,NA,4.2
"#209","soro",21,2009,"Fagus sylvatica","fasy",NA,28.6398611111111,38.4718986851919,31.7501834421647,23.1279513888889,28.0946360617312,NA,288,NA,NA,NA,NA,NA,NA,4.8
"210","soro",21,2010,"Fagus sylvatica","fasy",NA,28.9540625,38.7904389228191,32.057241343719,23.28625,28.2325701546337,NA,288,NA,NA,NA,NA,NA,NA,NA
"211","soro",21,2011,"Fagus sylvatica","fasy",NA,NA,NA,NA,NA,NA,NA,NA,NA,NA,NA,NA,NA,NA,4.9
"212","soro",21,2012,"Fagus sylvatica","fasy",NA,NA,NA,NA,NA,NA,NA,NA,NA,NA,NA,NA,NA,NA,4.8
"213","soro",21,2013,"Fagus sylvatica","fasy",NA,NA,NA,NA,NA,NA,NA,NA,NA,NA,NA,NA,NA,NA,5
"#214","soro",21,2013,"Fagus sylvatica","fasy",NA,NA,NA,NA,NA,NA,NA,NA,NA,NA,NA,NA,NA,NA,4.9
"215","collelongo",5,1992,"Fagus sylvatica","fasy",NA,18.7795580110497,27.9539006879767,21.3014706518987,16.5135359116022,22.0268059544696,NA,905,NA,NA,NA,NA,NA,NA,NA
"216","collelongo",5,1997,"Fagus sylvatica","fasy",NA,20.2011111111111,29.4868668971524,22.7717051525694,17.3197222222222,22.6314082244204,NA,900,NA,NA,NA,NA,NA,NA,NA
"217","collelongo",5,2002,"Fagus sylvatica","fasy",NA,22.0692771084337,31.2012464713953,24.5536675541852,18.5386144578313,23.2559137561101,NA,830,NA,NA,NA,NA,NA,NA,NA
"218","collelongo",5,2007,"Fagus sylvatica","fasy",NA,22.6323170731707,31.7802591671986,25.1073196498551,18.8779268292683,23.4556595588145,NA,820,NA,NA,NA,NA,NA,NA,NA
"219","collelongo",5,2012,"Fagus sylvatica","fasy",NA,25.3385135135135,33.6502047639052,27.4389161889026,20.6647297297297,24.0768498549696,NA,740,NA,NA,NA,NA,NA,NA,NA
"220","kroof",13,1997,"Picea abies","piab",NA,26.1140625,30.9581886618026,27.4310655894918,24.111328125,25.733849026702,NA,512,NA,NA,NA,NA,NA,NA,NA
"221","kroof",13,1997,"Pinus silvestrys","pisy",NA,27.6666666666667,28.2563758851807,27.8182194493705,25.2166666666667,25.3778467926739,NA,12,NA,NA,NA,NA,NA,NA,NA
"222","kroof",13,1997,"Larix decidua","lade",NA,23.8,23.8,23.8,24.1,24.1,NA,2,NA,NA,NA,NA,NA,NA,NA
"223","kroof",13,1997,"Fagus sylvatica","fasy",NA,20.591975308642,26.4972685761234,22.1090549016003,23.0271604938272,24.0677284619106,NA,324,NA,NA,NA,NA,NA,NA,NA
"224","kroof",13,1997,"Quercus robur","quro",NA,23.24,23.6692085296233,23.3476337130768,23.92,23.9769588634996,NA,10,NA,NA,NA,NA,NA,NA,NA
"225","kroof",13,1997,"Acer platanoides","acpl",NA,16.2,16.2,16.2,22.7,22.7,NA,2,NA,NA,NA,NA,NA,NA,NA
"226","kroof",13,1999,"Picea abies","piab",NA,27.1019920318725,32.0772756021012,28.4554184058746,NA,NA,NA,502,NA,NA,NA,NA,NA,NA,NA
"227","kroof",13,1999,"Pinus silvestrys","pisy",NA,28.1333333333333,28.7664786445758,28.2972319023139,NA,NA,NA,12,NA,NA,NA,NA,NA,NA,NA
"228","kroof",13,1999,"Larix decidua","lade",NA,24,24,24,NA,NA,NA,2,NA,NA,NA,NA,NA,NA,NA
"229","kroof",13,1999,"Fagus sylvatica","fasy",NA,21.9602739726027,27.498738041695,23.3844902352316,NA,NA,NA,292,NA,NA,NA,NA,NA,NA,NA
"230","kroof",13,1999,"Quercus robur","quro",NA,23.66,24.1770173473318,23.7900399327113,NA,NA,NA,10,NA,NA,NA,NA,NA,NA,NA
"231","kroof",13,1999,"Acer platanoides","acpl",NA,17.1,17.1,17.1,NA,NA,NA,2,NA,NA,NA,NA,NA,NA,NA
"232","kroof",13,2001,"Picea abies","piab",NA,28.3372950819672,33.3050232148249,29.6816393266065,NA,NA,NA,488,NA,NA,NA,NA,NA,NA,NA
"233","kroof",13,2001,"Pinus silvestrys","pisy",NA,28.6333333333333,29.3425039433918,28.8184547353486,NA,NA,NA,12,NA,NA,NA,NA,NA,NA,NA
"234","kroof",13,2001,"Larix decidua","lade",NA,24.4,24.4,24.4,NA,NA,NA,2,NA,NA,NA,NA,NA,NA,NA
"235","kroof",13,2001,"Fagus sylvatica","fasy",NA,23.0214814814815,28.433412734026,24.4081816883875,NA,NA,NA,270,NA,NA,NA,NA,NA,NA,NA
"236","kroof",13,2001,"Quercus robur","quro",NA,24.24,24.8723300188121,24.4,NA,NA,NA,10,NA,NA,NA,NA,NA,NA,NA
"237","kroof",13,2001,"Acer platanoides","acpl",NA,18,18,18,NA,NA,NA,2,NA,NA,NA,NA,NA,NA,NA
"238","kroof",13,2003,"Picea abies","piab",NA,29.3599156118143,34.2361219194773,30.6709190319039,NA,NA,NA,474,NA,NA,NA,NA,NA,NA,NA
"239","kroof",13,2003,"Pinus silvestrys","pisy",NA,29.0666666666667,29.8409631007221,29.2702351658928,NA,NA,NA,12,NA,NA,NA,NA,NA,NA,NA
"240","kroof",13,2003,"Larix decidua","lade",NA,24.7,24.7,24.7,NA,NA,NA,2,NA,NA,NA,NA,NA,NA,NA
"241","kroof",13,2003,"Fagus sylvatica","fasy",NA,23.7523076923077,29.1393566801689,25.1296300747207,NA,NA,NA,260,NA,NA,NA,NA,NA,NA,NA
"242","kroof",13,2003,"Quercus robur","quro",NA,25.925,26.3341605807092,26.0278216529928,NA,NA,NA,8,NA,NA,NA,NA,NA,NA,NA
"243","kroof",13,2003,"Acer platanoides","acpl",NA,18.5,18.5,18.5,NA,NA,NA,2,NA,NA,NA,NA,NA,NA,NA
"244","kroof",13,2005,"Picea abies","piab",NA,30.6178571428571,35.1584756873439,31.8192846399789,NA,NA,NA,448,NA,NA,NA,NA,NA,NA,NA
"245","kroof",13,2005,"Pinus silvestrys","pisy",NA,29.4666666666667,30.3049202213154,29.6883254271215,NA,NA,NA,12,NA,NA,NA,NA,NA,NA,NA
"246","kroof",13,2005,"Larix decidua","lade",NA,24.9,24.9,24.9,NA,NA,NA,2,NA,NA,NA,NA,NA,NA,NA
"247","kroof",13,2005,"Fagus sylvatica","fasy",NA,24.3775,29.904567819897,25.7765542693355,NA,NA,NA,240,NA,NA,NA,NA,NA,NA,NA
"248","kroof",13,2005,"Quercus robur","quro",NA,26.35,26.8285370744343,26.470455228424,NA,NA,NA,8,NA,NA,NA,NA,NA,NA,NA
"249","kroof",13,2005,"Acer platanoides","acpl",NA,18.9,18.9,18.9,NA,NA,NA,2,NA,NA,NA,NA,NA,NA,NA
"250","kroof",13,2007,"Picea abies","piab",NA,31.6547945205479,36.0463788786027,32.8002951317605,NA,NA,NA,438,NA,NA,NA,NA,NA,NA,NA
"251","kroof",13,2007,"Pinus silvestrys","pisy",NA,31,31.4072424526781,31.1067195313167,NA,NA,NA,10,NA,NA,NA,NA,NA,NA,NA
"252","kroof",13,2007,"Larix decidua","lade",NA,25.2,25.2,25.2,NA,NA,NA,2,NA,NA,NA,NA,NA,NA,NA
"253","kroof",13,2007,"Fagus sylvatica","fasy",NA,25.2964912280702,30.7090335780752,26.6583254498379,NA,NA,NA,228,NA,NA,NA,NA,NA,NA,NA
"254","kroof",13,2007,"Quercus robur","quro",NA,26.925,27.4558433576558,27.0587786124947,NA,NA,NA,8,NA,NA,NA,NA,NA,NA,NA
"255","kroof",13,2007,"Acer platanoides","acpl",NA,19.2,19.2,19.2,NA,NA,NA,2,NA,NA,NA,NA,NA,NA,NA
"256","kroof",13,2009,"Picea abies","piab",NA,32.4082949308756,36.9060943339603,33.5770343393076,NA,NA,NA,434,NA,NA,NA,NA,NA,NA,NA
"257","kroof",13,2009,"Pinus silvestrys","pisy",NA,31.22,31.6627605253992,31.3362090878906,NA,NA,NA,10,NA,NA,NA,NA,NA,NA,NA
"258","kroof",13,2009,"Larix decidua","lade",NA,25.4,25.4,25.4,NA,NA,NA,2,NA,NA,NA,NA,NA,NA,NA
"259","kroof",13,2009,"Fagus sylvatica","fasy",NA,25.6578947368421,31.275132424099,27.0701525281026,NA,NA,NA,228,NA,NA,NA,NA,NA,NA,NA
"260","kroof",13,2009,"Quercus robur","quro",NA,27.35,27.9325767946302,27.4968179977248,NA,NA,NA,8,NA,NA,NA,NA,NA,NA,NA
"261","kroof",13,2009,"Acer platanoides","acpl",NA,19.6,19.6,19.6,NA,NA,NA,2,NA,NA,NA,NA,NA,NA,NA
"262","kroof",13,2010,"Picea abies","piab",NA,32.9225806451613,37.4914081603249,34.1115829618899,NA,NA,NA,434,NA,NA,NA,NA,NA,NA,NA
"263","kroof",13,2010,"Pinus silvestrys","pisy",NA,31.325,31.9041819002995,31.4772536921505,NA,NA,NA,8,NA,NA,NA,NA,NA,NA,NA
"264","kroof",13,2010,"Larix decidua","lade",NA,25.7,25.7,25.7,NA,NA,NA,2,NA,NA,NA,NA,NA,NA,NA
"265","kroof",13,2010,"Fagus sylvatica","fasy",NA,26.3190909090909,31.6402734280244,27.6432615494429,NA,NA,NA,220,NA,NA,NA,NA,NA,NA,NA
"266","kroof",13,2010,"Quercus robur","quro",NA,28.5333333333333,28.9787568638919,28.648211113436,NA,NA,NA,6,NA,NA,NA,NA,NA,NA,NA
"267","kroof",13,2010,"Acer platanoides","acpl",NA,19.8,19.8,19.8,NA,NA,NA,2,NA,NA,NA,NA,NA,NA,NA
